avg_word_length,sentence_length_words,type_token_ratio,causal_marker_ratio,contrast_marker_ratio,named_entity_density,sent_id,para_id,sent_idx,sent_text,start_char,end_char,gold_salient,rst_relation,rst_nuclearity,rst_tree_depth,span_importance_score,sentence_position_ratio,named_entity_count,prev_next_cohesion_score,paragraph_discourse_continuity_score,cue_word_flags,content_word_density,sentence_length_tokens,lexical_density,syntactic_complexity_score,readability_score,discourse_marker_features,pronoun_usage_features,temporal_marker_features,pos_ratio_NN,pos_ratio_NNP,pos_ratio_NNS,pos_ratio_VB,pos_ratio_VBD,pos_ratio_VBG,pos_ratio_VBN,pos_ratio_VBP,pos_ratio_VBZ,pos_ratio_JJ,pos_ratio_RB,punctuation_pattern_comma_count,punctuation_pattern_semicolon_count,concreteness_noun_count,concreteness_total,prev_sent_label,concreteness_ratio,surprisal_sentence_total,surprisal_sentence_per_token,surprisal_word_mean,surprisal_word_max,surprisal_word_std,split,prev_sent_text,next_sent_text
5.608695652173913,23,0.9130434782608695,0.0,0.0,0.08695652173913043,squad_v2_5727ebe03acd2414000deff0_s0,squad_v2_5727ebe03acd2414000deff0,0,"Nasser remains an iconic figure in the Arab world, particularly for his strides towards social justice and Arab unity, modernization policies, and anti-imperialist efforts.",0,172,0,joint,NN,4.0,1.0,0.0,2.0,0.10256410256410256,0.0,,0.75,24.0,0.75,5,12.236428571428604,,,,0.17857142857142858,0.07142857142857142,0.10714285714285714,,,,,0.03571428571428571,0.03571428571428571,0.14285714285714285,0.03571428571428571,3,0,10,28,,0.35714285714285715,170.9512277602578,5.180340235159328,7.365371074660883,24.619782087002562,6.6453802685439545,train,,"His presidency also encouraged and coincided with an Egyptian cultural boom, and launched large industrial projects, including the Aswan Dam and Helwan City."
5.739130434782608,23,0.9130434782608695,0.0,0.0,0.17391304347826086,squad_v2_5727ebe03acd2414000deff0_s1,squad_v2_5727ebe03acd2414000deff0,1,"His presidency also encouraged and coincided with an Egyptian cultural boom, and launched large industrial projects, including the Aswan Dam and Helwan City.",173,330,0,elaboration,NS,6.0,0.75,0.3333333333333333,5.0,0.09572649572649572,0.0,,0.7391304347826086,23.0,0.7391304347826086,5,30.76807692307696,,,,0.11538461538461539,0.15384615384615385,0.038461538461538464,,0.11538461538461539,0.038461538461538464,,,,0.11538461538461539,0.038461538461538464,2,0,8,26,0,0.3076923076923077,173.56723861151633,6.198829950411297,7.394800642379442,17.341549205078866,4.320657773122503,train,"Nasser remains an iconic figure in the Arab world, particularly for his strides towards social justice and Arab unity, modernization policies, and anti-imperialist efforts.","Nasser's detractors criticize his authoritarianism, his government's human rights violations, his populist relationship with the citizenry, and his failure to establish civil institutions, blaming his legacy for future dictatorial governance in Egypt."
6.59375,32,0.875,0.0,0.0,0.0625,squad_v2_5727ebe03acd2414000deff0_s2,squad_v2_5727ebe03acd2414000deff0,2,"Nasser's detractors criticize his authoritarianism, his government's human rights violations, his populist relationship with the citizenry, and his failure to establish civil institutions, blaming his legacy for future dictatorial governance in Egypt.",331,582,0,purpose,NS,5.0,0.75,0.6666666666666666,1.0,0.06883468834688347,0.0,,0.8125,32.0,0.8125,5,2.3884615384615415,,,,0.20512820512820512,0.05128205128205128,0.10256410256410256,0.05128205128205128,,0.02564102564102564,,,,0.10256410256410256,,4,0,14,39,0,0.358974358974359,238.11198689694223,5.53748806737075,8.319586686595587,20.764807890037275,5.524139704783938,train,"His presidency also encouraged and coincided with an Egyptian cultural boom, and launched large industrial projects, including the Aswan Dam and Helwan City.",Historians describe Nasser as a towering political figure of the Middle East in the 20th century.
5.133333333333334,15,0.9333333333333333,0.06666666666666667,0.0,0.2,squad_v2_5727ebe03acd2414000deff0_s3,squad_v2_5727ebe03acd2414000deff0,3,Historians describe Nasser as a towering political figure of the Middle East in the 20th century.,583,680,1,joint,NN,2.0,1.0,1.0,3.0,0.04878048780487805,0.0,,0.625,16.0,0.625,0,40.2858823529412,,,,0.11764705882352941,0.17647058823529413,0.058823529411764705,,,0.058823529411764705,,0.058823529411764705,,0.11764705882352941,,0,0,6,17,0,0.35294117647058826,69.28310682789267,3.4641553413946333,4.187848503918938,11.926212278063867,3.572062070180719,train,"Nasser's detractors criticize his authoritarianism, his government's human rights violations, his populist relationship with the citizenry, and his failure to establish civil institutions, blaming his legacy for future dictatorial governance in Egypt.",
4.6,10,1.0,0.0,0.0,0.1,squad_v2_56dff532231d4119001abf05_s0,squad_v2_56dff532231d4119001abf05,0,"In Ireland, pubs are known for their atmosphere or ""craic"".",0,59,0,elaboration,NS,4.0,0.75,0.0,1.0,0.09090909090909091,0.0,,0.6,10.0,0.6,2,95.93928571428573,,,now,0.07142857142857142,0.07142857142857142,0.07142857142857142,,,,0.07142857142857142,0.07142857142857142,,0.07142857142857142,,1,0,3,14,,0.21428571428571427,109.25554789940385,7.28370319329359,9.01172806627886,15.77906728601532,5.321265766911196,train,,"In Irish, a pub is referred to as teach tábhairne (""tavernhouse"") or teach óil (""drinkinghouse"")."
4.866666666666666,15,0.9333333333333333,0.06666666666666667,0.0,0.06666666666666667,squad_v2_56dff532231d4119001abf05_s1,squad_v2_56dff532231d4119001abf05,1,"In Irish, a pub is referred to as teach tábhairne (""tavernhouse"") or teach óil (""drinkinghouse"").",60,157,0,restatement,NS,6.0,0.75,0.2,1.0,0.11688311688311688,0.0,,0.6,15.0,0.6,2,96.86000000000001,,,,0.16,0.04,,0.12,,,0.04,,0.04,,,1,0,5,25,0,0.2,186.9643437973691,6.924605325828486,11.55683693862701,41.429431136844265,11.605205455313026,train,"In Ireland, pubs are known for their atmosphere or ""craic"".","Live music, either sessions of traditional Irish music or varieties of modern popular music, is frequently featured in the pubs of Ireland."
5.2272727272727275,22,0.8181818181818182,0.0,0.0,0.045454545454545456,squad_v2_56dff532231d4119001abf05_s2,squad_v2_56dff532231d4119001abf05,2,"Live music, either sessions of traditional Irish music or varieties of modern popular music, is frequently featured in the pubs of Ireland.",158,297,0,elaboration,NS,4.0,0.75,0.4,2.0,0.15207373271889402,0.0,,0.6818181818181818,22.0,0.6818181818181818,3,35.94800000000001,,,,0.16,0.04,0.08,,,,0.04,,0.04,0.2,0.04,2,0,7,25,0,0.28,123.3930227804831,4.935720911219324,5.848450382209982,14.439233253442637,4.536055134519332,train,"In Irish, a pub is referred to as teach tábhairne (""tavernhouse"") or teach óil (""drinkinghouse"").",Pubs in Northern Ireland are largely identical to their counterparts in the Republic of Ireland except for the lack of spirit grocers.
5.090909090909091,22,0.8181818181818182,0.0,0.0,0.22727272727272727,squad_v2_56dff532231d4119001abf05_s3,squad_v2_56dff532231d4119001abf05,3,Pubs in Northern Ireland are largely identical to their counterparts in the Republic of Ireland except for the lack of spirit grocers.,298,432,0,context,NS,5.0,0.75,0.6,4.0,0.12715678919729934,0.0,,0.5909090909090909,22.0,0.5909090909090909,0,36.35956521739132,,,,0.08695652173913043,0.21739130434782608,0.08695652173913043,,,,,0.043478260869565216,,0.043478260869565216,0.043478260869565216,0,0,9,23,0,0.391304347826087,113.72168961186985,4.548867584474794,5.085111593263071,18.317894673577104,5.190147337324942,train,"Live music, either sessions of traditional Irish music or varieties of modern popular music, is frequently featured in the pubs of Ireland.","A side effect of ""The Troubles"" was that the lack of a tourist industry meant that a higher proportion of traditional bars have survived the wholesale refitting of Irish pub interiors in the 'English style' in the 1950s and 1960s."
4.5675675675675675,37,0.7567567567567568,0.0,0.0,0.02702702702702703,squad_v2_56dff532231d4119001abf05_s4,squad_v2_56dff532231d4119001abf05,4,"A side effect of ""The Troubles"" was that the lack of a tourist industry meant that a higher proportion of traditional bars have survived the wholesale refitting of Irish pub interiors in the 'English style' in the 1950s and 1960s.",433,663,0,causal,SN,6.0,0.75,0.8,3.0,0.09062927496580028,0.0,,0.55,40.0,0.55,1,41.043181818181836,,,,0.18181818181818182,0.022727272727272728,0.045454545454545456,,0.045454545454545456,,0.022727272727272728,0.022727272727272728,,0.11363636363636363,,0,0,11,44,0,0.25,263.77018570336054,5.2754037140672105,6.361641951424184,21.903574628704188,5.095045405201775,train,Pubs in Northern Ireland are largely identical to their counterparts in the Republic of Ireland except for the lack of spirit grocers.,New Zealand sports a number of Irish pubs.
4.25,8,1.0,0.0,0.0,0.25,squad_v2_56dff532231d4119001abf05_s5,squad_v2_56dff532231d4119001abf05,5,New Zealand sports a number of Irish pubs.,664,706,1,joint,NN,2.0,1.0,1.0,2.0,0.08823529411764706,0.0,,0.75,8.0,0.75,0,94.30000000000001,,,,0.1111111111111111,0.2222222222222222,0.2222222222222222,,,,,,,0.1111111111111111,,0,0,5,9,0,0.5555555555555556,56.563338554417115,6.284815394935235,6.320869238933715,12.893969721614514,4.075078643172302,train,"A side effect of ""The Troubles"" was that the lack of a tourist industry meant that a higher proportion of traditional bars have survived the wholesale refitting of Irish pub interiors in the 'English style' in the 1950s and 1960s.",
5.642857142857143,14,1.0,0.0,0.0,0.07142857142857142,squad_v2_56d61c4e1c85041400946f1d_s0,squad_v2_56d61c4e1c85041400946f1d,0,The Internet was extensively used for passing information to aid rescue and recovery efforts.,0,93,0,purpose,NS,4.0,0.75,0.0,1.0,0.15625,1.0,,0.6428571428571429,14.0,0.6428571428571429,1,22.410000000000025,,,,0.26666666666666666,0.06666666666666667,0.06666666666666667,,0.06666666666666667,0.06666666666666667,0.06666666666666667,,,,0.06666666666666667,0,0,6,15,,0.4,101.44563313719408,6.763042209146272,7.18559133392299,14.900987110829925,4.650454479217023,val,,"For example, the official news agency Xinhua set up an online rescue request center in order to find the blind spots of disaster recovery."
4.708333333333333,24,0.9583333333333334,0.0,0.0,0.041666666666666664,squad_v2_56d61c4e1c85041400946f1d_s1,squad_v2_56d61c4e1c85041400946f1d,1,"For example, the official news agency Xinhua set up an online rescue request center in order to find the blind spots of disaster recovery.",94,232,0,purpose,NS,5.0,0.75,0.2,1.0,0.1291454081632653,0.5,,0.7083333333333334,24.0,0.7083333333333334,1,43.78346153846158,,,,0.38461538461538464,0.038461538461538464,0.038461538461538464,0.038461538461538464,0.038461538461538464,,,,,0.07692307692307693,,1,0,12,26,0,0.46153846153846156,144.80163680238397,5.36302358527348,6.130635559872663,15.359154802839296,3.9028797208347075,val,The Internet was extensively used for passing information to aid rescue and recovery efforts.,"After knowing that rescue helicopters had trouble landing into the epicenter area in Wenchuan, a student proposed a landing spot online and it was chosen as the first touchdown place for the helicopters[not in citation given]."
5.054054054054054,37,0.8378378378378378,0.02702702702702703,0.0,0.02702702702702703,squad_v2_56d61c4e1c85041400946f1d_s2,squad_v2_56d61c4e1c85041400946f1d,2,"After knowing that rescue helicopters had trouble landing into the epicenter area in Wenchuan, a student proposed a landing spot online and it was chosen as the first touchdown place for the helicopters[not in citation given].",233,459,0,adversative,NS,8.0,0.75,0.4,1.0,0.07374768089053804,0.0,first,0.6756756756756757,37.0,0.6756756756756757,2,29.03463414634149,first,it,after|now,0.21951219512195122,0.04878048780487805,0.04878048780487805,,0.07317073170731707,0.04878048780487805,0.04878048780487805,0.024390243902439025,,0.07317073170731707,0.024390243902439025,1,0,13,41,0,0.3170731707317073,289.5161849286715,6.7329345332249195,7.858076696070078,20.078386390127022,4.841798119473392,val,"For example, the official news agency Xinhua set up an online rescue request center in order to find the blind spots of disaster recovery.",Volunteers also set up several websites to help store contact information for victims and evacuees.
5.6,15,1.0,0.0,0.0,0.0,squad_v2_56d61c4e1c85041400946f1d_s3,squad_v2_56d61c4e1c85041400946f1d,3,Volunteers also set up several websites to help store contact information for victims and evacuees.,460,559,1,purpose,NS,6.0,0.75,0.6,0.0,0.03835227272727273,0.0,,0.8,15.0,0.8,1,31.97,,,,0.0625,,0.25,0.125,,,,0.0625,,0.125,0.0625,0,0,5,16,0,0.3125,102.04420963781601,5.669122757656445,6.727176027213015,15.57397920931592,5.092913596121656,val,"After knowing that rescue helicopters had trouble landing into the epicenter area in Wenchuan, a student proposed a landing spot online and it was chosen as the first touchdown place for the helicopters[not in citation given].","On May 31, a rescue helicopter carrying earthquake survivors and crew members crashed in fog and turbulence in Wenchuan county."
5.473684210526316,19,0.8947368421052632,0.0,0.0,0.10526315789473684,squad_v2_56d61c4e1c85041400946f1d_s4,squad_v2_56d61c4e1c85041400946f1d,4,"On May 31, a rescue helicopter carrying earthquake survivors and crew members crashed in fog and turbulence in Wenchuan county.",560,687,0,elaboration,NS,6.0,0.75,0.8,2.0,0.015625,0.5,,0.7,20.0,0.7,3,49.91409090909093,,,,0.2727272727272727,0.09090909090909091,0.09090909090909091,,0.045454545454545456,0.045454545454545456,0.045454545454545456,,,,,1,0,10,22,1,0.45454545454545453,146.2070432868285,6.0919601369511875,7.341186321761216,22.924596007260497,4.920536442167542,val,Volunteers also set up several websites to help store contact information for victims and evacuees.,No-one survived.
8.0,1,1.0,0.0,0.0,0.0,squad_v2_56d61c4e1c85041400946f1d_s5,squad_v2_56d61c4e1c85041400946f1d,5,No-one survived.,688,704,0,elaboration,NS,4.0,0.75,1.0,0.0,0.0,1.0,,1.0,2.0,1.0,0,34.59000000000003,,,,,,,,,,0.3333333333333333,,,,,0,0,0,3,0,0.0,22.47665040445823,4.495330080891646,10.52863609476856,14.552258477782534,4.023622383013974,val,"On May 31, a rescue helicopter carrying earthquake survivors and crew members crashed in fog and turbulence in Wenchuan county.",
5.0,22,0.9090909090909091,0.0,0.0,0.22727272727272727,squad_v2_572abec0be1ee31400cb8201_s0,squad_v2_572abec0be1ee31400cb8201,0,"In Why F A Hayek is a Conservative, British policy analyst Madsen Pirie claims Hayek mistakes the nature of the conservative outlook.",0,133,1,attribution,SN,4.0,0.75,0.0,9.0,0.06666666666666667,1.0,,0.6818181818181818,22.0,0.6818181818181818,1,37.950000000000045,,,,0.16666666666666666,0.20833333333333334,,,,,,,0.125,0.125,,1,0,9,24,,0.375,223.06520257021654,7.966614377507733,10.280543385945544,24.510144268969324,5.835533083351797,train,,"Conservatives, he says, are not averse to change – but like Hayek, they are highly averse to change being imposed on the social order by people in authority who think they know how to run things better."
4.472222222222222,36,0.8333333333333334,0.0,0.027777777777777776,0.027777777777777776,squad_v2_572abec0be1ee31400cb8201_s1,squad_v2_572abec0be1ee31400cb8201,1,"Conservatives, he says, are not averse to change – but like Hayek, they are highly averse to change being imposed on the social order by people in authority who think they know how to run things better.",134,336,0,attribution,SN,10.0,0.75,0.3333333333333333,1.0,0.08333333333333334,0.5,,0.6944444444444444,36.0,0.6944444444444444,4,43.47853658536589,,he|they|they,now,0.04878048780487805,0.024390243902439025,0.07317073170731707,0.07317073170731707,,0.024390243902439025,0.024390243902439025,0.0975609756097561,0.024390243902439025,0.07317073170731707,0.07317073170731707,3,0,6,41,1,0.14634146341463414,222.66624537968062,5.060596485901832,5.530036319921512,13.76779487157756,3.707217156806804,train,"In Why F A Hayek is a Conservative, British policy analyst Madsen Pirie claims Hayek mistakes the nature of the conservative outlook.",They wish to allow the market to function smoothly and give it the freedom to change and develop.
4.388888888888889,18,0.7777777777777778,0.0,0.0,0.0,squad_v2_572abec0be1ee31400cb8201_s2,squad_v2_572abec0be1ee31400cb8201,2,They wish to allow the market to function smoothly and give it the freedom to change and develop.,337,434,0,joint,NN,8.0,1.0,0.6666666666666666,0.0,0.09166666666666667,0.0,,0.6111111111111112,18.0,0.6111111111111112,2,67.32894736842107,,they|it,,0.10526315789473684,,,0.2631578947368421,,,,0.05263157894736842,,,0.05263157894736842,0,0,2,19,0,0.10526315789473684,85.24406505127874,4.486529739540987,4.614569303533579,9.198352121664271,2.6839651105716364,train,"Conservatives, he says, are not averse to change – but like Hayek, they are highly averse to change being imposed on the social order by people in authority who think they know how to run things better.","It is an outlook, says Pirie, that Hayek and conservatives both share."
4.666666666666667,12,1.0,0.0,0.0,0.16666666666666666,squad_v2_572abec0be1ee31400cb8201_s3,squad_v2_572abec0be1ee31400cb8201,3,"It is an outlook, says Pirie, that Hayek and conservatives both share.",435,505,0,attribution,NS,6.0,0.75,1.0,2.0,0.08333333333333333,0.0,,0.6666666666666666,12.0,0.6666666666666666,3,84.45000000000003,,it,,0.13333333333333333,0.13333333333333333,,,,,,,0.2,,,2,0,4,15,0,0.26666666666666666,110.0236817638918,6.471981280228929,9.662864860098905,18.431919539996667,5.569861019996061,train,They wish to allow the market to function smoothly and give it the freedom to change and develop.,
5.043478260869565,23,0.9130434782608695,0.043478260869565216,0.0,0.043478260869565216,squad_v2_570602f875f01819005e786f_s0,squad_v2_570602f875f01819005e786f,0,"The typical image of migration is of northern landbirds, such as swallows (Hirundinidae) and birds of prey, making long flights to the tropics.",0,143,0,restatement,NS,6.0,0.75,0.0,1.0,0.04878048780487805,1.0,,0.6086956521739131,23.0,0.6086956521739131,3,63.600714285714304,,,,0.10714285714285714,0.03571428571428571,0.17857142857142858,,,0.03571428571428571,,,0.03571428571428571,0.14285714285714285,,2,0,9,28,,0.32142857142857145,204.81430665237875,5.851837332925107,9.540578915340959,55.29257166622912,11.360886752381333,train,,"However, many Holarctic wildfowl and finch (Fringillidae) species winter in the North Temperate Zone, in regions with milder winters than their summer breeding grounds."
5.833333333333333,24,0.9583333333333334,0.0,0.041666666666666664,0.20833333333333334,squad_v2_570602f875f01819005e786f_s1,squad_v2_570602f875f01819005e786f,1,"However, many Holarctic wildfowl and finch (Fringillidae) species winter in the North Temperate Zone, in regions with milder winters than their summer breeding grounds.",144,312,0,restatement,NS,7.0,0.75,0.2,5.0,0.0516629711751663,0.5,however,0.7916666666666666,24.0,0.7916666666666666,3,49.04137931034484,however,,,0.20689655172413793,0.1724137931034483,0.10344827586206896,,,,,,0.034482758620689655,0.034482758620689655,0.034482758620689655,2,0,14,29,0,0.4827586206896552,225.63400186431858,5.78548722729022,9.937912297233698,41.15281858453811,9.56359600280154,train,"The typical image of migration is of northern landbirds, such as swallows (Hirundinidae) and birds of prey, making long flights to the tropics.","For example, the pink-footed goose Anser brachyrhynchus migrates from Iceland to Britain and neighbouring countries, whilst the dark-eyed junco Junco hyemalis migrates from subarctic and arctic climates to the contiguous United States and the American goldfinch from taiga to wintering grounds extending from the American South northwestward to Western Oregon."
6.0,48,0.7083333333333334,0.0,0.0,0.20833333333333334,squad_v2_570602f875f01819005e786f_s2,squad_v2_570602f875f01819005e786f,2,"For example, the pink-footed goose Anser brachyrhynchus migrates from Iceland to Britain and neighbouring countries, whilst the dark-eyed junco Junco hyemalis migrates from subarctic and arctic climates to the contiguous United States and the American goldfinch from taiga to wintering grounds extending from the American South northwestward to Western Oregon.",313,673,1,elaboration,NS,7.0,0.75,0.4,11.0,0.05852272727272727,0.0,,0.66,50.0,0.66,5,-8.178867924528276,,,,0.1320754716981132,0.16981132075471697,0.09433962264150944,,0.018867924528301886,0.05660377358490566,,,,0.11320754716981132,0.018867924528301886,2,0,22,53,0,0.41509433962264153,426.2297357024689,5.464483791057293,8.67589272051291,25.23780646918484,7.044652263108863,train,"However, many Holarctic wildfowl and finch (Fringillidae) species winter in the North Temperate Zone, in regions with milder winters than their summer breeding grounds.",Migratory routes and wintering grounds are traditional and learned by young during their first migration with their parents.
5.888888888888889,18,0.8888888888888888,0.0,0.0,0.05555555555555555,squad_v2_570602f875f01819005e786f_s3,squad_v2_570602f875f01819005e786f,3,Migratory routes and wintering grounds are traditional and learned by young during their first migration with their parents.,674,798,0,joint,NN,4.0,1.0,0.6,0.0,0.03125,0.5,first,0.7222222222222222,18.0,0.7222222222222222,2,40.613157894736844,first,,during,0.05263157894736842,0.05263157894736842,0.15789473684210525,,,0.05263157894736842,0.05263157894736842,0.05263157894736842,,0.15789473684210525,,0,0,5,19,1,0.2631578947368421,121.51831368454704,5.523559712933956,6.668512073254813,14.586640780307873,4.37760115942186,train,"For example, the pink-footed goose Anser brachyrhynchus migrates from Iceland to Britain and neighbouring countries, whilst the dark-eyed junco Junco hyemalis migrates from subarctic and arctic climates to the contiguous United States and the American goldfinch from taiga to wintering grounds extending from the American South northwestward to Western Oregon.","Some ducks, such as the garganey Anas querquedula, move completely or partially into the tropics."
5.333333333333333,15,0.9333333333333333,0.06666666666666667,0.0,0.06666666666666667,squad_v2_570602f875f01819005e786f_s4,squad_v2_570602f875f01819005e786f,4,"Some ducks, such as the garganey Anas querquedula, move completely or partially into the tropics.",799,896,0,joint,NN,3.0,1.0,0.8,1.0,0.016129032258064516,1.0,,0.7333333333333333,15.0,0.7333333333333333,3,47.565,,,,0.1111111111111111,0.05555555555555555,0.1111111111111111,0.05555555555555555,,,,,,0.05555555555555555,0.1111111111111111,2,0,5,18,0,0.2777777777777778,189.10056314266174,7.879190130944239,12.634627237453698,48.45597210140595,12.41170264592112,train,Migratory routes and wintering grounds are traditional and learned by young during their first migration with their parents.,"The European pied flycatcher Ficedula hypoleuca also follows this migratory trend, breeding in Asia and Europe and wintering in Africa."
5.7,20,0.9,0.0,0.0,0.25,squad_v2_570602f875f01819005e786f_s5,squad_v2_570602f875f01819005e786f,5,"The European pied flycatcher Ficedula hypoleuca also follows this migratory trend, breeding in Asia and Europe and wintering in Africa.",897,1032,0,joint,NN,5.0,1.0,1.0,5.0,0.03225806451612903,1.0,,0.7,20.0,0.7,3,19.15045454545455,,,,0.09090909090909091,0.22727272727272727,,,0.045454545454545456,0.09090909090909091,,,0.045454545454545456,0.045454545454545456,0.045454545454545456,1,0,7,22,0,0.3181818181818182,179.3475725050991,5.785405564680616,9.668204506752062,33.39458406556139,8.502160854727945,train,"Some ducks, such as the garganey Anas querquedula, move completely or partially into the tropics.",
5.395348837209302,43,0.8604651162790697,0.06976744186046512,0.0,0.046511627906976744,squad_v2_572a60d8d562191400bc86a5_s0,squad_v2_572a60d8d562191400bc86a5,0,"The art of carpet weaving was particularly significant in the Ottoman Empire, carpets having an immense importance both as decorative furnishings, rich in religious and other symbolism, and as a practical consideration, as it was customary to remove one's shoes in living quarters.",0,281,0,explanation,NS,4.0,0.75,0.0,2.0,0.17307692307692307,0.0,,0.627906976744186,43.0,0.627906976744186,6,5.16530612244901,,it,,0.14285714285714285,0.04081632653061224,0.061224489795918366,0.02040816326530612,0.04081632653061224,0.02040816326530612,,,0.02040816326530612,0.16326530612244897,0.02040816326530612,4,0,12,49,,0.24489795918367346,292.60541070611976,5.737360994237642,7.017568999425296,29.258824995391656,5.44333118051583,train,,"The weaving of such carpets originated in the nomadic cultures of central Asia (carpets being an easily transportable form of furnishing), and was eventually spread to the settled societies of Anatolia."
5.419354838709677,31,0.8387096774193549,0.0,0.0,0.06451612903225806,squad_v2_572a60d8d562191400bc86a5_s1,squad_v2_572a60d8d562191400bc86a5,1,"The weaving of such carpets originated in the nomadic cultures of central Asia (carpets being an easily transportable form of furnishing), and was eventually spread to the settled societies of Anatolia.",282,484,0,context,NS,5.0,0.75,0.3333333333333333,2.0,0.13001672240802675,0.0,,0.5806451612903226,31.0,0.5806451612903226,2,26.28142857142859,,,eventually,0.05714285714285714,0.05714285714285714,0.11428571428571428,,0.02857142857142857,0.05714285714285714,0.05714285714285714,,,0.14285714285714285,0.05714285714285714,1,0,8,35,0,0.22857142857142856,183.09007585633154,4.465611606251989,6.152123354646237,21.845051072932065,4.73671820229427,train,"The art of carpet weaving was particularly significant in the Ottoman Empire, carpets having an immense importance both as decorative furnishings, rich in religious and other symbolism, and as a practical consideration, as it was customary to remove one's shoes in living quarters.","Turks used carpets, rugs and kilims not just on the floors of a room, but also as a hanging on walls and doorways, where they provided additional insulation."
4.5,28,0.8928571428571429,0.03571428571428571,0.03571428571428571,0.0,squad_v2_572a60d8d562191400bc86a5_s2,squad_v2_572a60d8d562191400bc86a5,2,"Turks used carpets, rugs and kilims not just on the floors of a room, but also as a hanging on walls and doorways, where they provided additional insulation.",485,642,1,elaboration,NS,6.0,0.75,0.6666666666666666,0.0,0.08514492753623187,0.5,,0.6428571428571429,28.0,0.6428571428571429,6,60.67375000000003,,they,,0.09375,,0.1875,,0.03125,,0.03125,,0.03125,0.03125,0.09375,3,0,9,32,0,0.28125,192.91314292792086,5.3586984146644685,6.975484700090063,22.032314271445063,4.992117741530628,train,"The weaving of such carpets originated in the nomadic cultures of central Asia (carpets being an easily transportable form of furnishing), and was eventually spread to the settled societies of Anatolia.","They were also commonly donated to mosques, which often amassed large collections of them."
5.357142857142857,14,1.0,0.0,0.0,0.0,squad_v2_572a60d8d562191400bc86a5_s3,squad_v2_572a60d8d562191400bc86a5,3,"They were also commonly donated to mosques, which often amassed large collections of them.",643,733,0,elaboration,NS,5.0,0.75,1.0,0.0,0.08333333333333333,1.0,,0.7857142857142857,14.0,0.7857142857142857,1,47.83250000000001,,they|them,,,,0.125,,0.125,,0.0625,,,0.0625,0.1875,1,0,2,16,1,0.125,78.77679616635415,4.923549760397134,5.857978009302094,15.949425427757529,4.56598618618801,train,"Turks used carpets, rugs and kilims not just on the floors of a room, but also as a hanging on walls and doorways, where they provided additional insulation.",
4.470588235294118,17,0.8823529411764706,0.0,0.0,0.29411764705882354,squad_v2_572a6ceb7a1753140016af36_s0,squad_v2_572a6ceb7a1753140016af36,0,"Also in 1931, Hayek critiqued Keynes's Treatise on Money (1930) in his ""Reflections on the pure theory of Mr.",0,109,0,context,NS,5.0,0.75,0.0,6.0,0.0,0.0,,0.6842105263157895,19.0,0.6842105263157895,1,90.09200000000001,,,,0.12,0.2,,,0.04,,,,,,0.04,1,0,8,25,,0.32,172.3095251121658,5.5583717778118,9.35678814133759,19.93458600198677,6.657082647046218,train,,J.
1.0,1,1.0,0.0,0.0,0.0,squad_v2_572a6ceb7a1753140016af36_s1,squad_v2_572a6ceb7a1753140016af36,1,J.,110,112,0,same-unit,NN,4.0,1.0,0.1111111111111111,0.0,0.0,0.5,,1.0,1.0,1.0,0,204.805,,,,,0.5,,,,,,,,,,0,0,1,2,0,0.5,8.89921679609296,4.44960839804648,7.967076680145138,7.967076680145138,0.0,train,"Also in 1931, Hayek critiqued Keynes's Treatise on Money (1930) in his ""Reflections on the pure theory of Mr.",M.
1.0,1,1.0,0.0,0.0,0.0,squad_v2_572a6ceb7a1753140016af36_s2,squad_v2_572a6ceb7a1753140016af36,2,M.,113,115,0,same-unit,NN,4.0,1.0,0.2222222222222222,0.0,0.0,1.0,,1.0,1.0,1.0,0,204.805,,,,,0.5,,,,,,,,,,0,0,1,2,0,0.5,8.742913729259023,4.371456864629511,8.100928754315653,8.100928754315653,0.0,train,J.,"Keynes"" and published his lectures at the LSE in book form as Prices and Production."
4.533333333333333,15,0.9333333333333333,0.06666666666666667,0.0,0.06666666666666667,squad_v2_572a6ceb7a1753140016af36_s3,squad_v2_572a6ceb7a1753140016af36,3,"Keynes"" and published his lectures at the LSE in book form as Prices and Production.",116,200,0,same-unit,NN,4.0,1.0,0.3333333333333333,3.0,0.02564102564102564,0.5,,0.6,15.0,0.6,2,75.12117647058825,,,,0.11764705882352941,0.11764705882352941,0.17647058823529413,,0.058823529411764705,,,,,,,0,0,7,17,0,0.4117647058823529,122.56215424982892,6.8090085694349405,7.39056930663289,15.143969966197432,5.306344135369267,train,M.,"Unemployment and idle resources are, for Keynes, caused by a lack of effective demand; for Hayek, they stem from a previous, unsustainable episode of easy money and artificially low interest rates."
5.193548387096774,31,0.8709677419354839,0.0,0.0,0.03225806451612903,squad_v2_572a6ceb7a1753140016af36_s4,squad_v2_572a6ceb7a1753140016af36,4,"Unemployment and idle resources are, for Keynes, caused by a lack of effective demand; for Hayek, they stem from a previous, unsustainable episode of easy money and artificially low interest rates.",201,398,0,adversative,NN,5.0,1.0,0.4444444444444444,2.0,0.04034690799396681,0.0,,0.6451612903225806,31.0,0.6451612903225806,6,29.80432432432434,,they,,0.16216216216216217,0.05405405405405406,0.05405405405405406,,,,0.02702702702702703,0.05405405405405406,,0.16216216216216217,0.02702702702702703,4,1,10,37,0,0.2702702702702703,203.1839732461917,5.3469466643734656,7.180720472003665,16.766896898468193,5.725144858280793,train,"Keynes"" and published his lectures at the LSE in book form as Prices and Production.",Keynes asked his friend Piero Sraffa to respond.
5.0,8,1.0,0.0,0.0,0.25,squad_v2_572a6ceb7a1753140016af36_s5,squad_v2_572a6ceb7a1753140016af36,5,Keynes asked his friend Piero Sraffa to respond.,399,447,1,elaboration,NS,5.0,0.75,0.5555555555555556,2.0,0.03256302521008403,0.5,,0.875,8.0,0.875,0,75.50000000000003,,,,0.1111111111111111,0.2222222222222222,0.1111111111111111,0.1111111111111111,0.1111111111111111,,,,,,,0,0,4,9,0,0.4444444444444444,74.23115609292309,5.7100889302248525,8.783455225767577,18.573959065094787,5.520988733385552,train,"Unemployment and idle resources are, for Keynes, caused by a lack of effective demand; for Hayek, they stem from a previous, unsustainable episode of easy money and artificially low interest rates.","Sraffa elaborated on the effect of inflation-induced ""forced savings"" on the capital sector and about the definition of a ""natural"" interest rate in a growing economy."
4.8,25,0.8,0.0,0.0,0.04,squad_v2_572a6ceb7a1753140016af36_s6,squad_v2_572a6ceb7a1753140016af36,6,"Sraffa elaborated on the effect of inflation-induced ""forced savings"" on the capital sector and about the definition of a ""natural"" interest rate in a growing economy.",448,615,0,elaboration,NS,5.0,0.75,0.6666666666666666,0.0,0.0583976833976834,1.0,,0.5769230769230769,26.0,0.5769230769230769,1,25.27322580645162,,,,0.22580645161290322,0.03225806451612903,0.03225806451612903,,0.03225806451612903,0.03225806451612903,,,,0.0967741935483871,,0,0,9,31,1,0.2903225806451613,164.94369937496614,4.581769427082393,6.264630647568269,19.97523342198052,5.172875347609843,train,Keynes asked his friend Piero Sraffa to respond.,"Others who responded negatively to Hayek's work on the business cycle included John Hicks, Frank Knight, and Gunnar Myrdal."
5.2631578947368425,19,1.0,0.0,0.0,0.3684210526315789,squad_v2_572a6ceb7a1753140016af36_s7,squad_v2_572a6ceb7a1753140016af36,7,"Others who responded negatively to Hayek's work on the business cycle included John Hicks, Frank Knight, and Gunnar Myrdal.",616,739,0,elaboration,NS,6.0,0.75,0.7777777777777778,7.0,0.08054054054054055,1.0,,0.7894736842105263,19.0,0.7894736842105263,3,62.10739130434784,,,,0.13043478260869565,0.30434782608695654,0.043478260869565216,,0.08695652173913043,,,,,,0.043478260869565216,2,0,11,23,0,0.4782608695652174,154.72852513008317,5.730686115929006,8.609696925400435,17.870733965213308,4.949518822580473,train,"Sraffa elaborated on the effect of inflation-induced ""forced savings"" on the capital sector and about the definition of a ""natural"" interest rate in a growing economy.","Kaldor later wrote that Hayek's Prices and Production had produced ""a remarkable crop of critics"" and that the total number of pages in British and American journals dedicated to the resulting debate ""could rarely have been equalled in the economic controversies of the past."
5.136363636363637,44,0.7954545454545454,0.0,0.0,0.09090909090909091,squad_v2_572a6ceb7a1753140016af36_s8,squad_v2_572a6ceb7a1753140016af36,8,"Kaldor later wrote that Hayek's Prices and Production had produced ""a remarkable crop of critics"" and that the total number of pages in British and American journals dedicated to the resulting debate ""could rarely have been equalled in the economic controversies of the past.",740,1015,0,elaboration,NS,8.0,0.75,0.8888888888888888,5.0,0.08,0.5,,0.6136363636363636,44.0,0.6136363636363636,3,15.524489795918385,,,later,0.08163265306122448,0.061224489795918366,0.10204081632653061,0.02040816326530612,0.04081632653061224,0.02040816326530612,0.08163265306122448,,,0.10204081632653061,0.04081632653061224,0,0,12,49,0,0.24489795918367346,298.08920496790984,5.624324622036035,6.6349089767820395,21.1859672620201,5.392277770008981,train,"Others who responded negatively to Hayek's work on the business cycle included John Hicks, Frank Knight, and Gunnar Myrdal.",""""
0.0,0,0.0,0.0,0.0,0.0,squad_v2_572a6ceb7a1753140016af36_s9,squad_v2_572a6ceb7a1753140016af36,9,"""",1015,1016,0,same-unit,NN,7.0,1.0,1.0,0.0,0.0,0.0,,0.0,0.0,0.0,0,205.82000000000002,,,,,,,,,,,,,,,0,0,0,1,0,0.0,7.1763543343818705,7.1763543343818705,,,,train,"Kaldor later wrote that Hayek's Prices and Production had produced ""a remarkable crop of critics"" and that the total number of pages in British and American journals dedicated to the resulting debate ""could rarely have been equalled in the economic controversies of the past.",
5.12,50,0.82,0.04,0.0,0.08,squad_v2_5730a4e0069b5314008321f7_s0,squad_v2_5730a4e0069b5314008321f7,0,"The rivalry between Nintendo and Sega resulted in what has been described as one of the most notable console wars in video game history, in which Sega positioned the Genesis as the ""cool"" console, with more mature titles aimed at older gamers, and edgy advertisements that occasionally attacked the competition.",0,311,0,elaboration,NS,6.0,0.75,0.0,4.0,0.09090909090909091,1.0,,0.66,50.0,0.66,5,1.9450000000000216,,,,0.10714285714285714,0.07142857142857142,0.07142857142857142,,0.05357142857142857,,0.05357142857142857,,0.017857142857142856,0.08928571428571429,0.017857142857142856,3,0,14,56,,0.25,284.88728496766237,4.998022543292322,5.657194692333741,16.547086228094106,4.655563140400488,train,,"Nintendo however, scored an early public relations advantage by securing the first console conversion of Capcom's arcade classic Street Fighter II for SNES, which took over a year to make the transition to Genesis."
5.176470588235294,34,0.9411764705882353,0.0,0.029411764705882353,0.17647058823529413,squad_v2_5730a4e0069b5314008321f7_s1,squad_v2_5730a4e0069b5314008321f7,1,"Nintendo however, scored an early public relations advantage by securing the first console conversion of Capcom's arcade classic Street Fighter II for SNES, which took over a year to make the transition to Genesis.",312,526,0,elaboration,NS,5.0,0.75,0.125,6.0,0.10283159463487332,0.5,first|however,0.7352941176470589,34.0,0.7352941176470589,2,28.00710526315791,however|first,,,0.13157894736842105,0.18421052631578946,0.02631578947368421,0.02631578947368421,0.05263157894736842,0.02631578947368421,,,,0.13157894736842105,0.02631578947368421,2,0,13,38,0,0.34210526315789475,195.54504217621638,5.013975440415805,5.770769201118014,13.9554767522641,3.5440319506567133,train,"The rivalry between Nintendo and Sega resulted in what has been described as one of the most notable console wars in video game history, in which Sega positioned the Genesis as the ""cool"" console, with more mature titles aimed at older gamers, and edgy advertisements that occasionally attacked the competition.","Despite the Genesis's head start, much larger library of games, and lower price point, the Genesis only represented an estimated 60% of the American 16-bit console market in June 1992, and neither console could maintain a definitive lead for several years."
5.157894736842105,38,0.8421052631578947,0.0,0.0,0.07894736842105263,squad_v2_5730a4e0069b5314008321f7_s2,squad_v2_5730a4e0069b5314008321f7,2,"Despite the Genesis's head start, much larger library of games, and lower price point, the Genesis only represented an estimated 60% of the American 16-bit console market in June 1992, and neither console could maintain a definitive lead for several years.",527,783,1,joint,NN,6.0,1.0,0.25,4.0,0.15171667182183732,0.5,,0.7317073170731707,41.0,0.7317073170731707,6,25.92750000000001,,,,0.20833333333333334,0.0625,0.041666666666666664,0.020833333333333332,0.020833333333333332,,0.020833333333333332,,,0.08333333333333333,0.041666666666666664,4,0,15,48,0,0.3125,267.9122481618413,5.358244963236826,6.959193886377882,15.290777536233692,4.181462076961195,train,"Nintendo however, scored an early public relations advantage by securing the first console conversion of Capcom's arcade classic Street Fighter II for SNES, which took over a year to make the transition to Genesis.","Donkey Kong Country is said to have helped establish the SNES's market prominence in the latter years of the 16-bit generation, and for a time, maintain against the PlayStation and Saturn."
4.9,30,0.8666666666666667,0.0,0.0,0.2,squad_v2_5730a4e0069b5314008321f7_s3,squad_v2_5730a4e0069b5314008321f7,3,"Donkey Kong Country is said to have helped establish the SNES's market prominence in the latter years of the 16-bit generation, and for a time, maintain against the PlayStation and Saturn.",784,972,0,joint,NN,5.0,1.0,0.375,5.0,0.1328011611030479,0.5,,0.6129032258064516,31.0,0.6129032258064516,4,48.035714285714306,,,,0.11428571428571428,0.17142857142857143,0.02857142857142857,0.08571428571428572,0.02857142857142857,,0.02857142857142857,,0.02857142857142857,0.05714285714285714,,2,0,11,35,1,0.3142857142857143,184.06618013514094,4.843846845661604,5.798974270089821,15.971161460446803,4.5628583831978515,train,"Despite the Genesis's head start, much larger library of games, and lower price point, the Genesis only represented an estimated 60% of the American 16-bit console market in June 1992, and neither console could maintain a definitive lead for several years.","According to Nintendo, the company had sold more than 20 million SNES units in the U."
4.4,15,0.9333333333333333,0.0,0.0,0.2,squad_v2_5730a4e0069b5314008321f7_s4,squad_v2_5730a4e0069b5314008321f7,4,"According to Nintendo, the company had sold more than 20 million SNES units in the U.",973,1058,0,attribution,SN,5.0,0.75,0.5,3.0,0.038461538461538464,0.5,,0.75,16.0,0.75,1,75.76500000000001,,,,0.05555555555555555,0.16666666666666666,0.05555555555555555,,0.05555555555555555,0.05555555555555555,0.05555555555555555,,,,,1,0,5,18,0,0.2777777777777778,50.94009803372221,2.6810577912485374,3.589148476814716,8.773217258891147,2.6127666285970066,train,"Donkey Kong Country is said to have helped establish the SNES's market prominence in the latter years of the 16-bit generation, and for a time, maintain against the PlayStation and Saturn.",S.
1.0,1,1.0,0.0,0.0,0.0,squad_v2_5730a4e0069b5314008321f7_s5,squad_v2_5730a4e0069b5314008321f7,5,S.,1058,1060,0,attribution,SN,5.0,0.75,0.625,0.0,0.0,0.5,,1.0,1.0,1.0,0,204.805,,,,,0.5,,,,,,,,,,0,0,1,2,0,0.5,15.687311576884303,7.843655788442152,15.32291634462909,15.32291634462909,0.0,train,"According to Nintendo, the company had sold more than 20 million SNES units in the U.","According to a 2014 Wedbush Securities report based on NPD sales data, the SNES ultimately outsold the Genesis in the U."
4.7,20,0.9,0.0,0.0,0.3,squad_v2_5730a4e0069b5314008321f7_s6,squad_v2_5730a4e0069b5314008321f7,6,"According to a 2014 Wedbush Securities report based on NPD sales data, the SNES ultimately outsold the Genesis in the U.",1061,1181,0,elaboration,NS,6.0,0.75,0.75,6.0,0.0,0.0,,0.6666666666666666,21.0,0.6666666666666666,1,51.07260869565218,,,,0.043478260869565216,0.21739130434782608,0.08695652173913043,,0.043478260869565216,0.043478260869565216,0.043478260869565216,,,,0.043478260869565216,1,0,9,23,0,0.391304347826087,147.10459193070608,5.448318219655781,7.335429724563684,21.283228749707227,6.598605444939237,train,S.,S.
1.0,1,1.0,0.0,0.0,0.0,squad_v2_5730a4e0069b5314008321f7_s7,squad_v2_5730a4e0069b5314008321f7,7,S.,1181,1183,0,attribution,SN,5.0,0.75,0.875,0.0,0.0,0.5,,1.0,1.0,1.0,0,204.805,,,,,0.5,,,,,,,,,,0,0,1,2,0,0.5,12.702091708673366,6.351045854336683,12.27819956639864,12.27819956639864,0.0,train,"According to a 2014 Wedbush Securities report based on NPD sales data, the SNES ultimately outsold the Genesis in the U.",market.
6.0,1,1.0,0.0,0.0,0.0,squad_v2_5730a4e0069b5314008321f7_s8,squad_v2_5730a4e0069b5314008321f7,8,market.,1184,1191,0,attribution,SN,5.0,0.75,1.0,0.0,0.0,1.0,,1.0,1.0,1.0,0,120.20500000000001,,,,0.5,,,,,,,,,,,0,0,1,2,0,0.5,27.97460896569254,13.98730448284627,21.043349200742107,21.043349200742107,0.0,train,S.,
6.181818181818182,11,0.9090909090909091,0.0,0.0,0.0,squad_v2_57272081708984140094da2f_s0,squad_v2_57272081708984140094da2f,0,"In electric power distribution, capacitors are used for power factor correction.",0,80,0,elaboration,NS,2.0,0.75,0.0,0.0,0.05263157894736842,1.0,,0.7272727272727273,11.0,0.7272727272727273,1,24.440000000000026,,,,0.38461538461538464,,0.07692307692307693,,,,0.07692307692307693,0.07692307692307693,,0.07692307692307693,,1,0,6,13,,0.46153846153846156,98.86837105805708,7.062026504146934,9.618606550805593,18.374960488847847,5.395646918832198,val,,Such capacitors often come as three capacitors connected as a three phase load.
5.076923076923077,13,0.7692307692307693,0.15384615384615385,0.0,0.0,squad_v2_57272081708984140094da2f_s1,squad_v2_57272081708984140094da2f,1,Such capacitors often come as three capacitors connected as a three phase load.,81,160,0,elaboration,NS,6.0,0.75,0.25,0.0,0.0840080971659919,0.5,,0.7692307692307693,13.0,0.7692307692307693,0,47.59642857142859,,,,0.14285714285714285,,0.14285714285714285,,,,0.07142857142857142,0.07142857142857142,,0.07142857142857142,0.07142857142857142,0,0,4,14,0,0.2857142857142857,87.43748624498056,5.464842890311285,6.594840292024126,8.999193282991632,2.2092669696151295,val,"In electric power distribution, capacitors are used for power factor correction.","Usually, the values of these capacitors are given not in farads but rather as a reactive power in volt-amperes reactive (var)."
4.5,20,0.9,0.05,0.05,0.0,squad_v2_57272081708984140094da2f_s2,squad_v2_57272081708984140094da2f,2,"Usually, the values of these capacitors are given not in farads but rather as a reactive power in volt-amperes reactive (var).",161,287,0,restatement,NS,7.0,0.75,0.5,0.0,0.07051282051282051,0.0,,0.5714285714285714,21.0,0.5714285714285714,2,46.10000000000002,,,,0.08,,0.16,,,,0.04,0.04,,0.08,0.12,1,0,6,25,0,0.24,202.55818444732984,6.751939481577661,8.633577403695055,29.613511113200566,8.172112470954708,val,Such capacitors often come as three capacitors connected as a three phase load.,The purpose is to counteract inductive loading from devices like electric motors and transmission lines to make the load appear to be mostly resistive.
5.291666666666667,24,0.9166666666666666,0.0,0.0,0.0,squad_v2_57272081708984140094da2f_s3,squad_v2_57272081708984140094da2f,3,The purpose is to counteract inductive loading from devices like electric motors and transmission lines to make the load appear to be mostly resistive.,288,439,0,purpose,NS,5.0,0.75,0.75,0.0,0.042820512820512815,0.0,,0.625,24.0,0.625,1,22.412000000000035,,,,0.16,,0.12,0.12,,,,0.04,0.04,0.12,0.04,0,0,7,25,0,0.28,154.6311492710265,5.727079602630611,6.399149981848288,11.676030883577553,3.7105426416875025,val,"Usually, the values of these capacitors are given not in farads but rather as a reactive power in volt-amperes reactive (var).","Individual motor or lamp loads may have capacitors for power factor correction, or larger sets of capacitors (usually with automatic switching devices) may be installed at a load center within a building or in a large utility substation."
5.157894736842105,38,0.8421052631578947,0.0,0.0,0.0,squad_v2_57272081708984140094da2f_s4,squad_v2_57272081708984140094da2f,4,"Individual motor or lamp loads may have capacitors for power factor correction, or larger sets of capacitors (usually with automatic switching devices) may be installed at a load center within a building or in a large utility substation.",440,677,1,elaboration,NS,6.0,0.75,1.0,0.0,0.06,0.0,,0.6842105263157895,38.0,0.6842105263157895,4,17.162142857142868,,,,0.21428571428571427,,0.11904761904761904,0.047619047619047616,,0.023809523809523808,0.023809523809523808,,,0.09523809523809523,0.023809523809523808,1,0,14,42,0,0.3333333333333333,270.87168645224375,6.019370810049861,7.222615243856288,14.040779193866944,3.6935761626662678,val,The purpose is to counteract inductive loading from devices like electric motors and transmission lines to make the load appear to be mostly resistive.,
5.5,24,0.875,0.0,0.0,0.3333333333333333,squad_v2_56de98ddcffd8e1900b4ba1e_s0,squad_v2_56de98ddcffd8e1900b4ba1e,0,"Schwarzenegger announced his candidacy in the 2003 California recall election for Governor of California on the August 6, 2003 episode of The Tonight Show with Jay Leno.",0,169,0,elaboration,NS,2.0,0.75,0.0,9.0,0.11627906976744186,0.0,,0.6666666666666666,27.0,0.6666666666666666,1,34.45517241379312,,,,0.1724137931034483,0.27586206896551724,,,0.034482758620689655,,,,,,,1,0,13,29,,0.4482758620689655,133.07932662770608,4.435977554256869,5.26230912090471,24.712342004315975,5.271273457192523,test,,"Schwarzenegger had the most name recognition in a crowded field of candidates, but he had never held public office and his political views were unknown to most Californians."
5.142857142857143,28,0.9285714285714286,0.0,0.03571428571428571,0.03571428571428571,squad_v2_56de98ddcffd8e1900b4ba1e_s1,squad_v2_56de98ddcffd8e1900b4ba1e,1,"Schwarzenegger had the most name recognition in a crowded field of candidates, but he had never held public office and his political views were unknown to most Californians.",170,343,0,joint,NN,5.0,1.0,0.3333333333333333,1.0,0.12177589852008455,0.0,,0.7142857142857143,28.0,0.7142857142857143,3,32.565000000000026,,he,now,0.1,0.03333333333333333,0.06666666666666667,,0.1,,0.03333333333333333,,,0.16666666666666666,0.03333333333333333,1,0,7,30,0,0.23333333333333334,110.54718106843727,3.5660380989818474,3.990307380578389,10.088005376530415,2.660945748446072,test,"Schwarzenegger announced his candidacy in the 2003 California recall election for Governor of California on the August 6, 2003 episode of The Tonight Show with Jay Leno.","His candidacy immediately became national and international news, with media outlets dubbing him the ""Governator"" (referring to The Terminator movies, see above) and ""The Running Man"" (the name of another one of his films), and calling the recall election ""Total Recall"" (yet another movie starring Schwarzenegger)."
5.521739130434782,46,0.8478260869565217,0.0,0.021739130434782608,0.13043478260869565,squad_v2_56de98ddcffd8e1900b4ba1e_s2,squad_v2_56de98ddcffd8e1900b4ba1e,2,"His candidacy immediately became national and international news, with media outlets dubbing him the ""Governator"" (referring to The Terminator movies, see above) and ""The Running Man"" (the name of another one of his films), and calling the recall election ""Total Recall"" (yet another movie starring Schwarzenegger).",344,659,1,explanation,NS,9.0,0.75,0.6666666666666666,9.0,0.12245989304812833,0.0,,0.7391304347826086,46.0,0.7391304347826086,6,17.005000000000038,,him,,0.12903225806451613,0.06451612903225806,0.06451612903225806,,0.016129032258064516,0.06451612903225806,,0.016129032258064516,,0.04838709677419355,0.03225806451612903,3,0,16,62,0,0.25806451612903225,303.6598349479566,4.744684921061822,7.111500059136633,18.762855706303426,5.036845955415461,test,"Schwarzenegger had the most name recognition in a crowded field of candidates, but he had never held public office and his political views were unknown to most Californians.","Schwarzenegger declined to participate in several debates with other recall replacement candidates, and appeared in only one debate on September 24, 2003."
6.2,20,0.95,0.0,0.0,0.05,squad_v2_56de98ddcffd8e1900b4ba1e_s3,squad_v2_56de98ddcffd8e1900b4ba1e,3,"Schwarzenegger declined to participate in several debates with other recall replacement candidates, and appeared in only one debate on September 24, 2003.",660,814,0,joint,NN,5.0,1.0,1.0,1.0,0.11764705882352941,0.0,,0.7272727272727273,22.0,0.7272727272727273,3,15.644000000000034,,,,0.12,0.04,0.08,0.04,0.08,,,,,0.12,0.04,2,0,6,25,1,0.24,122.40214086985767,4.896085634794307,5.810118704048887,18.132951126969992,4.771572832536156,test,"His candidacy immediately became national and international news, with media outlets dubbing him the ""Governator"" (referring to The Terminator movies, see above) and ""The Running Man"" (the name of another one of his films), and calling the recall election ""Total Recall"" (yet another movie starring Schwarzenegger).",
