avg_word_length,sentence_length_words,type_token_ratio,causal_marker_ratio,contrast_marker_ratio,named_entity_density,sent_id,para_id,sent_idx,sent_text,start_char,end_char,rst_relation,rst_nuclearity,rst_tree_depth,span_importance_score,sentence_position_ratio,named_entity_count,prev_next_cohesion_score,paragraph_discourse_continuity_score,cue_word_flags,content_word_density,sentence_length_tokens,lexical_density,syntactic_complexity_score,readability_score,discourse_marker_features,pronoun_usage_features,temporal_marker_features,pos_ratio_NN,pos_ratio_NNP,pos_ratio_NNS,pos_ratio_VB,pos_ratio_VBD,pos_ratio_VBG,pos_ratio_VBN,pos_ratio_VBP,pos_ratio_VBZ,pos_ratio_JJ,pos_ratio_RB,punctuation_pattern_comma_count,punctuation_pattern_semicolon_count,concreteness_noun_count,concreteness_total,prev_sent_label,concreteness_ratio,surprisal_sentence_total,surprisal_sentence_per_token,surprisal_word_mean,surprisal_word_max,surprisal_word_std,prev_sent_text,next_sent_text,full_text,hybrid_prob,hybrid_salient
5.642857142857143,14,1.0,0.0,0.0,0.0714285714285714,squad_v2_56d61c4e1c85041400946f1d_s0,squad_v2_56d61c4e1c85041400946f1d,0,The Internet was extensively used for passing information to aid rescue and recovery efforts.,0,93,Purpose,NS,4.0,0.75,0.0,0.6931471805599453,0.15625,1.0,missing,0.6428571428571429,2.70805020110221,0.6428571428571429,1,22.410000000000025,,,,0.2666666666666666,0.0666666666666666,0.0666666666666666,0.0,0.0666666666666666,0.0666666666666666,0.0666666666666666,0.0,0.0,0.0,0.0666666666666666,0,0,6,15,missing,0.4,101.44563313719408,6.763042209146272,7.18559133392299,2.7663811897412844,4.650454479217023,,"For example, the official news agency Xinhua set up an online rescue request center in order to find the blind spots of disaster recovery."," [SEP] The Internet was extensively used for passing information to aid rescue and recovery efforts. [SEP] For example, the official news agency Xinhua set up an online rescue request center in order to find the blind spots of disaster recovery.",0.39644601941108704,0
4.708333333333333,24,0.9583333333333334,0.0,0.0,0.0416666666666666,squad_v2_56d61c4e1c85041400946f1d_s1,squad_v2_56d61c4e1c85041400946f1d,1,"For example, the official news agency Xinhua set up an online rescue request center in order to find the blind spots of disaster recovery.",94,232,Purpose,NS,5.0,0.75,0.2,0.6931471805599453,0.1291454081632653,0.5,missing,0.7083333333333334,3.2188758248682006,0.7083333333333334,1,43.78346153846158,,,,0.3846153846153846,0.0384615384615384,0.0384615384615384,0.0384615384615384,0.0384615384615384,0.0,,0.0,0.0,0.0769230769230769,0.0,1,0,12,26,0.0,0.4615384615384615,144.80163680238397,5.36302358527348,6.130635559872663,2.7947876674219163,3.902879720834708,The Internet was extensively used for passing information to aid rescue and recovery efforts.,"After knowing that rescue helicopters had trouble landing into the epicenter area in Wenchuan, a student proposed a landing spot online and it was chosen as the first touchdown place for the helicopters[not in citation given].","The Internet was extensively used for passing information to aid rescue and recovery efforts. [SEP] For example, the official news agency Xinhua set up an online rescue request center in order to find the blind spots of disaster recovery. [SEP] After knowing that rescue helicopters had trouble landing into the epicenter area in Wenchuan, a student proposed a landing spot online and it was chosen as the first touchdown place for the helicopters[not in citation given].",0.4945410192012787,1
5.054054054054054,37,0.8378378378378378,0.027027027027027,0.0,0.027027027027027,squad_v2_56d61c4e1c85041400946f1d_s2,squad_v2_56d61c4e1c85041400946f1d,2,"After knowing that rescue helicopters had trouble landing into the epicenter area in Wenchuan, a student proposed a landing spot online and it was chosen as the first touchdown place for the helicopters[not in citation given].",233,459,Contrast,NS,8.0,0.75,0.4,0.6931471805599453,0.073747680890538,0.0,first,0.6756756756756757,3.6375861597263857,0.6756756756756757,2,29.03463414634149,first,it,after|now,0.2195121951219512,0.048780487804878,0.048780487804878,0.0,0.073170731707317,0.048780487804878,0.048780487804878,0.024390243902439,0.0,0.073170731707317,0.024390243902439,1,0,13,41,0.0,0.3170731707317073,289.5161849286715,6.73293453322492,7.858076696070078,3.0482481737853724,4.841798119473392,"For example, the official news agency Xinhua set up an online rescue request center in order to find the blind spots of disaster recovery.",Volunteers also set up several websites to help store contact information for victims and evacuees.,"For example, the official news agency Xinhua set up an online rescue request center in order to find the blind spots of disaster recovery. [SEP] After knowing that rescue helicopters had trouble landing into the epicenter area in Wenchuan, a student proposed a landing spot online and it was chosen as the first touchdown place for the helicopters[not in citation given]. [SEP] Volunteers also set up several websites to help store contact information for victims and evacuees.",0.49116188287734985,0
5.6,15,1.0,0.0,0.0,0.0,squad_v2_56d61c4e1c85041400946f1d_s3,squad_v2_56d61c4e1c85041400946f1d,3,Volunteers also set up several websites to help store contact information for victims and evacuees.,460,559,Purpose,NS,6.0,0.75,0.6,0.0,0.0383522727272727,0.0,missing,0.8,2.772588722239781,0.8,1,31.97,,,,0.0625,0.0,0.25,0.125,0.0,0.0,,0.0625,0.0,0.125,0.0625,0,0,5,16,0.0,0.3125,102.044209637816,5.669122757656445,6.727176027213015,2.8078339480104684,5.092913596121656,"After knowing that rescue helicopters had trouble landing into the epicenter area in Wenchuan, a student proposed a landing spot online and it was chosen as the first touchdown place for the helicopters[not in citation given].","On May 31, a rescue helicopter carrying earthquake survivors and crew members crashed in fog and turbulence in Wenchuan county.","After knowing that rescue helicopters had trouble landing into the epicenter area in Wenchuan, a student proposed a landing spot online and it was chosen as the first touchdown place for the helicopters[not in citation given]. [SEP] Volunteers also set up several websites to help store contact information for victims and evacuees. [SEP] On May 31, a rescue helicopter carrying earthquake survivors and crew members crashed in fog and turbulence in Wenchuan county.",0.3456273376941681,0
5.473684210526316,19,0.8947368421052632,0.0,0.0,0.1052631578947368,squad_v2_56d61c4e1c85041400946f1d_s4,squad_v2_56d61c4e1c85041400946f1d,4,"On May 31, a rescue helicopter carrying earthquake survivors and crew members crashed in fog and turbulence in Wenchuan county.",560,687,Elaboration,NS,6.0,0.75,0.8,1.0986122886681098,0.015625,0.5,missing,0.7,3.044522437723423,0.7,3,49.91409090909093,,,,0.2727272727272727,0.0909090909090909,0.0909090909090909,0.0,0.0454545454545454,0.0454545454545454,0.0454545454545454,0.0,0.0,0.0,0.0,1,0,10,22,1.0,0.4545454545454545,146.2070432868285,6.091960136951188,7.341186321761216,3.174907051397517,4.920536442167542,Volunteers also set up several websites to help store contact information for victims and evacuees.,No-one survived.,"Volunteers also set up several websites to help store contact information for victims and evacuees. [SEP] On May 31, a rescue helicopter carrying earthquake survivors and crew members crashed in fog and turbulence in Wenchuan county. [SEP] No-one survived.",0.49254363775253296,1
8.0,1,1.0,0.0,0.0,0.0,squad_v2_56d61c4e1c85041400946f1d_s5,squad_v2_56d61c4e1c85041400946f1d,5,No-one survived.,688,704,Elaboration,NS,4.0,0.75,1.0,0.0,0.0,1.0,missing,1.0,1.0986122886681098,1.0,0,34.59000000000003,,,,0.0,0.0,0.0,0.0,0.0,0.0,0.3333333333333333,0.0,0.0,0.0,0.0,0,0,0,3,0.0,0.0,22.47665040445823,4.495330080891646,10.52863609476856,2.744205867807755,4.023622383013974,"On May 31, a rescue helicopter carrying earthquake survivors and crew members crashed in fog and turbulence in Wenchuan county.",,"On May 31, a rescue helicopter carrying earthquake survivors and crew members crashed in fog and turbulence in Wenchuan county. [SEP] No-one survived. [SEP] ",0.2689136862754822,0
4.6,10,1.0,0.0,0.0,0.1,squad_v2_56dff532231d4119001abf05_s0,squad_v2_56dff532231d4119001abf05,0,"In Ireland, pubs are known for their atmosphere or ""craic"".",0,59,Elaboration,NS,4.0,0.75,0.0,0.6931471805599453,0.0909090909090909,0.0,missing,0.6,2.3978952727983707,0.6,2,95.93928571428572,,,now,0.0714285714285714,0.0714285714285714,0.0714285714285714,0.0,0.0,0.0,0.0714285714285714,0.0714285714285714,0.0,0.0714285714285714,0.0,1,0,3,14,missing,0.2142857142857142,109.25554789940384,7.28370319329359,9.01172806627886,2.820132114632145,5.321265766911196,,"In Irish, a pub is referred to as teach tábhairne (""tavernhouse"") or teach óil (""drinkinghouse"")."," [SEP] In Ireland, pubs are known for their atmosphere or ""craic"". [SEP] In Irish, a pub is referred to as teach tábhairne (""tavernhouse"") or teach óil (""drinkinghouse"").",0.35185351967811584,0
4.866666666666666,15,0.9333333333333332,0.0666666666666666,0.0,0.0666666666666666,squad_v2_56dff532231d4119001abf05_s1,squad_v2_56dff532231d4119001abf05,1,"In Irish, a pub is referred to as teach tábhairne (""tavernhouse"") or teach óil (""drinkinghouse"").",60,157,Restatement,NS,6.0,0.75,0.2,0.6931471805599453,0.1168831168831168,0.0,missing,0.6,2.772588722239781,0.6,2,96.86,,,,0.16,0.04,0.0,0.12,0.0,0.0,0.04,0.0,0.04,0.0,0.0,1,0,5,25,0.0,0.2,186.9643437973691,6.924605325828486,11.55683693862701,3.74784225202665,11.605205455313026,"In Ireland, pubs are known for their atmosphere or ""craic"".","Live music, either sessions of traditional Irish music or varieties of modern popular music, is frequently featured in the pubs of Ireland.","In Ireland, pubs are known for their atmosphere or ""craic"". [SEP] In Irish, a pub is referred to as teach tábhairne (""tavernhouse"") or teach óil (""drinkinghouse""). [SEP] Live music, either sessions of traditional Irish music or varieties of modern popular music, is frequently featured in the pubs of Ireland.",0.4396549463272095,0
5.227272727272728,22,0.8181818181818182,0.0,0.0,0.0454545454545454,squad_v2_56dff532231d4119001abf05_s2,squad_v2_56dff532231d4119001abf05,2,"Live music, either sessions of traditional Irish music or varieties of modern popular music, is frequently featured in the pubs of Ireland.",158,297,Elaboration,NS,4.0,0.75,0.4,1.0986122886681098,0.152073732718894,0.0,missing,0.6818181818181818,3.1354942159291497,0.6818181818181818,3,35.94800000000001,,,,0.16,0.04,0.08,0.0,0.0,0.0,0.04,0.0,0.04,0.2,0.04,2,0,7,25,0.0,0.28,123.3930227804831,4.935720911219324,5.848450382209982,2.7369118836124193,4.536055134519332,"In Irish, a pub is referred to as teach tábhairne (""tavernhouse"") or teach óil (""drinkinghouse"").",Pubs in Northern Ireland are largely identical to their counterparts in the Republic of Ireland except for the lack of spirit grocers.,"In Irish, a pub is referred to as teach tábhairne (""tavernhouse"") or teach óil (""drinkinghouse""). [SEP] Live music, either sessions of traditional Irish music or varieties of modern popular music, is frequently featured in the pubs of Ireland. [SEP] Pubs in Northern Ireland are largely identical to their counterparts in the Republic of Ireland except for the lack of spirit grocers.",0.45216548442840576,1
5.090909090909091,22,0.8181818181818182,0.0,0.0,0.2272727272727272,squad_v2_56dff532231d4119001abf05_s3,squad_v2_56dff532231d4119001abf05,3,Pubs in Northern Ireland are largely identical to their counterparts in the Republic of Ireland except for the lack of spirit grocers.,298,432,Context,NS,5.0,0.75,0.6,1.6094379124341003,0.1271567891972993,0.0,missing,0.5909090909090909,3.1354942159291497,0.5909090909090909,0,36.35956521739132,,,,0.0869565217391304,0.217391304347826,0.0869565217391304,0.0,0.0,0.0,,0.0434782608695652,0.0,0.0434782608695652,0.0434782608695652,0,0,9,23,0.0,0.391304347826087,113.72168961186983,4.548867584474794,5.085111593263071,2.9610318514996226,5.190147337324942,"Live music, either sessions of traditional Irish music or varieties of modern popular music, is frequently featured in the pubs of Ireland.","A side effect of ""The Troubles"" was that the lack of a tourist industry meant that a higher proportion of traditional bars have survived the wholesale refitting of Irish pub interiors in the 'English style' in the 1950s and 1960s.","Live music, either sessions of traditional Irish music or varieties of modern popular music, is frequently featured in the pubs of Ireland. [SEP] Pubs in Northern Ireland are largely identical to their counterparts in the Republic of Ireland except for the lack of spirit grocers. [SEP] A side effect of ""The Troubles"" was that the lack of a tourist industry meant that a higher proportion of traditional bars have survived the wholesale refitting of Irish pub interiors in the 'English style' in the 1950s and 1960s.",0.3765527904033661,0
4.567567567567568,37,0.7567567567567568,0.0,0.0,0.027027027027027,squad_v2_56dff532231d4119001abf05_s4,squad_v2_56dff532231d4119001abf05,4,"A side effect of ""The Troubles"" was that the lack of a tourist industry meant that a higher proportion of traditional bars have survived the wholesale refitting of Irish pub interiors in the 'English style' in the 1950s and 1960s.",433,663,Other,SN,6.0,0.75,0.8,1.3862943611198906,0.0906292749658002,0.0,missing,0.55,3.713572066704308,0.55,1,41.04318181818184,,,,0.1818181818181818,0.0227272727272727,0.0454545454545454,0.0,0.0454545454545454,0.0,0.0227272727272727,0.0227272727272727,0.0,0.1136363636363636,0.0,0,0,11,44,0.0,0.25,263.77018570336054,5.2754037140672105,6.361641951424184,3.1312929957016014,5.095045405201775,Pubs in Northern Ireland are largely identical to their counterparts in the Republic of Ireland except for the lack of spirit grocers.,New Zealand sports a number of Irish pubs.,"Pubs in Northern Ireland are largely identical to their counterparts in the Republic of Ireland except for the lack of spirit grocers. [SEP] A side effect of ""The Troubles"" was that the lack of a tourist industry meant that a higher proportion of traditional bars have survived the wholesale refitting of Irish pub interiors in the 'English style' in the 1950s and 1960s. [SEP] New Zealand sports a number of Irish pubs.",0.438005656003952,0
4.25,8,1.0,0.0,0.0,0.25,squad_v2_56dff532231d4119001abf05_s5,squad_v2_56dff532231d4119001abf05,5,New Zealand sports a number of Irish pubs.,664,706,Joint,NN,2.0,1.0,1.0,1.0986122886681098,0.088235294117647,0.0,missing,0.75,2.1972245773362196,0.75,0,94.3,,,,0.1111111111111111,0.2222222222222222,0.2222222222222222,0.0,0.0,0.0,,0.0,0.0,0.1111111111111111,0.0,0,0,5,9,0.0,0.5555555555555556,56.56333855441712,6.284815394935235,6.320869238933715,2.631454913026521,4.075078643172302,"A side effect of ""The Troubles"" was that the lack of a tourist industry meant that a higher proportion of traditional bars have survived the wholesale refitting of Irish pub interiors in the 'English style' in the 1950s and 1960s.",,"A side effect of ""The Troubles"" was that the lack of a tourist industry meant that a higher proportion of traditional bars have survived the wholesale refitting of Irish pub interiors in the 'English style' in the 1950s and 1960s. [SEP] New Zealand sports a number of Irish pubs. [SEP] ",0.5066115260124207,1
5.043478260869565,23,0.9130434782608696,0.0434782608695652,0.0,0.0434782608695652,squad_v2_570602f875f01819005e786f_s0,squad_v2_570602f875f01819005e786f,0,"The typical image of migration is of northern landbirds, such as swallows (Hirundinidae) and birds of prey, making long flights to the tropics.",0,143,Restatement,NS,6.0,0.75,0.0,0.6931471805599453,0.048780487804878,1.0,missing,0.6086956521739131,3.1780538303479458,0.6086956521739131,3,63.600714285714304,,,,0.1071428571428571,0.0357142857142857,0.1785714285714285,0.0,0.0,0.0357142857142857,,0.0,0.0357142857142857,0.1428571428571428,0.0,2,0,9,28,missing,0.3214285714285714,204.81430665237875,5.851837332925107,9.54057891534096,4.030562584455262,11.360886752381331,,"However, many Holarctic wildfowl and finch (Fringillidae) species winter in the North Temperate Zone, in regions with milder winters than their summer breeding grounds."," [SEP] The typical image of migration is of northern landbirds, such as swallows (Hirundinidae) and birds of prey, making long flights to the tropics. [SEP] However, many Holarctic wildfowl and finch (Fringillidae) species winter in the North Temperate Zone, in regions with milder winters than their summer breeding grounds.",0.49964138865470886,0
5.833333333333333,24,0.9583333333333334,0.0,0.0416666666666666,0.2083333333333333,squad_v2_570602f875f01819005e786f_s1,squad_v2_570602f875f01819005e786f,1,"However, many Holarctic wildfowl and finch (Fringillidae) species winter in the North Temperate Zone, in regions with milder winters than their summer breeding grounds.",144,312,Restatement,NS,7.0,0.75,0.2,1.791759469228055,0.0516629711751663,0.5,however,0.7916666666666666,3.2188758248682006,0.7916666666666666,3,49.04137931034484,however,,,0.2068965517241379,0.1724137931034483,0.1034482758620689,0.0,0.0,0.0,,0.0,0.0344827586206896,0.0344827586206896,0.0344827586206896,2,0,14,29,0.0,0.4827586206896552,225.63400186431855,5.78548722729022,9.937912297233698,3.7413015525451945,9.56359600280154,"The typical image of migration is of northern landbirds, such as swallows (Hirundinidae) and birds of prey, making long flights to the tropics.","For example, the pink-footed goose Anser brachyrhynchus migrates from Iceland to Britain and neighbouring countries, whilst the dark-eyed junco Junco hyemalis migrates from subarctic and arctic climates to the contiguous United States and the American goldfinch from taiga to wintering grounds extending from the American South northwestward to Western Oregon.","The typical image of migration is of northern landbirds, such as swallows (Hirundinidae) and birds of prey, making long flights to the tropics. [SEP] However, many Holarctic wildfowl and finch (Fringillidae) species winter in the North Temperate Zone, in regions with milder winters than their summer breeding grounds. [SEP] For example, the pink-footed goose Anser brachyrhynchus migrates from Iceland to Britain and neighbouring countries, whilst the dark-eyed junco Junco hyemalis migrates from subarctic and arctic climates to the contiguous United States and the American goldfinch from taiga to wintering grounds extending from the American South northwestward to Western Oregon.",0.5547426342964172,1
6.0,48,0.7083333333333334,0.0,0.0,0.2083333333333333,squad_v2_570602f875f01819005e786f_s2,squad_v2_570602f875f01819005e786f,2,"For example, the pink-footed goose Anser brachyrhynchus migrates from Iceland to Britain and neighbouring countries, whilst the dark-eyed junco Junco hyemalis migrates from subarctic and arctic climates to the contiguous United States and the American goldfinch from taiga to wintering grounds extending from the American South northwestward to Western Oregon.",313,673,Elaboration,NS,7.0,0.75,0.4,2.4849066497880004,0.0585227272727272,0.0,missing,0.66,3.9318256327243257,0.66,5,-8.178867924528276,,,,0.1320754716981132,0.1698113207547169,0.0943396226415094,0.0,0.0188679245283018,0.0566037735849056,,0.0,0.0,0.1132075471698113,0.0188679245283018,2,0,22,53,0.0,0.4150943396226415,426.2297357024689,5.464483791057293,8.67589272051291,3.2672013656572796,7.044652263108863,"However, many Holarctic wildfowl and finch (Fringillidae) species winter in the North Temperate Zone, in regions with milder winters than their summer breeding grounds.",Migratory routes and wintering grounds are traditional and learned by young during their first migration with their parents.,"However, many Holarctic wildfowl and finch (Fringillidae) species winter in the North Temperate Zone, in regions with milder winters than their summer breeding grounds. [SEP] For example, the pink-footed goose Anser brachyrhynchus migrates from Iceland to Britain and neighbouring countries, whilst the dark-eyed junco Junco hyemalis migrates from subarctic and arctic climates to the contiguous United States and the American goldfinch from taiga to wintering grounds extending from the American South northwestward to Western Oregon. [SEP] Migratory routes and wintering grounds are traditional and learned by young during their first migration with their parents.",0.5808714032173157,1
5.888888888888889,18,0.8888888888888888,0.0,0.0,0.0555555555555555,squad_v2_570602f875f01819005e786f_s3,squad_v2_570602f875f01819005e786f,3,Migratory routes and wintering grounds are traditional and learned by young during their first migration with their parents.,674,798,Joint,NN,4.0,1.0,0.6,0.0,0.03125,0.5,first,0.7222222222222222,2.9444389791664403,0.7222222222222222,2,40.61315789473685,first,,during,0.0526315789473684,0.0526315789473684,0.1578947368421052,0.0,0.0,0.0526315789473684,0.0526315789473684,0.0526315789473684,0.0,0.1578947368421052,0.0,0,0,5,19,1.0,0.2631578947368421,121.51831368454704,5.523559712933956,6.668512073254813,2.7464141871329164,4.37760115942186,"For example, the pink-footed goose Anser brachyrhynchus migrates from Iceland to Britain and neighbouring countries, whilst the dark-eyed junco Junco hyemalis migrates from subarctic and arctic climates to the contiguous United States and the American goldfinch from taiga to wintering grounds extending from the American South northwestward to Western Oregon.","Some ducks, such as the garganey Anas querquedula, move completely or partially into the tropics.","For example, the pink-footed goose Anser brachyrhynchus migrates from Iceland to Britain and neighbouring countries, whilst the dark-eyed junco Junco hyemalis migrates from subarctic and arctic climates to the contiguous United States and the American goldfinch from taiga to wintering grounds extending from the American South northwestward to Western Oregon. [SEP] Migratory routes and wintering grounds are traditional and learned by young during their first migration with their parents. [SEP] Some ducks, such as the garganey Anas querquedula, move completely or partially into the tropics.",0.4218251407146454,0
5.333333333333333,15,0.9333333333333332,0.0666666666666666,0.0,0.0666666666666666,squad_v2_570602f875f01819005e786f_s4,squad_v2_570602f875f01819005e786f,4,"Some ducks, such as the garganey Anas querquedula, move completely or partially into the tropics.",799,896,Joint,NN,3.0,1.0,0.8,0.6931471805599453,0.0161290322580645,1.0,missing,0.7333333333333333,2.772588722239781,0.7333333333333333,3,47.565,,,,0.1111111111111111,0.0555555555555555,0.1111111111111111,0.0555555555555555,0.0,0.0,,0.0,0.0,0.0555555555555555,0.1111111111111111,2,0,5,18,0.0,0.2777777777777778,189.1005631426617,7.879190130944239,12.634627237453698,3.9010828212802102,12.41170264592112,Migratory routes and wintering grounds are traditional and learned by young during their first migration with their parents.,"The European pied flycatcher Ficedula hypoleuca also follows this migratory trend, breeding in Asia and Europe and wintering in Africa.","Migratory routes and wintering grounds are traditional and learned by young during their first migration with their parents. [SEP] Some ducks, such as the garganey Anas querquedula, move completely or partially into the tropics. [SEP] The European pied flycatcher Ficedula hypoleuca also follows this migratory trend, breeding in Asia and Europe and wintering in Africa.",0.5012175440788269,0
5.7,20,0.9,0.0,0.0,0.25,squad_v2_570602f875f01819005e786f_s5,squad_v2_570602f875f01819005e786f,5,"The European pied flycatcher Ficedula hypoleuca also follows this migratory trend, breeding in Asia and Europe and wintering in Africa.",897,1032,Joint,NN,5.0,1.0,1.0,1.791759469228055,0.032258064516129,1.0,missing,0.7,3.044522437723423,0.7,3,19.15045454545455,,,,0.0909090909090909,0.2272727272727272,0.0,0.0,0.0454545454545454,0.0909090909090909,,0.0,0.0454545454545454,0.0454545454545454,0.0454545454545454,1,0,7,22,0.0,0.3181818181818182,179.3475725050991,5.785405564680616,9.668204506752062,3.537899112029771,8.502160854727945,"Some ducks, such as the garganey Anas querquedula, move completely or partially into the tropics.",,"Some ducks, such as the garganey Anas querquedula, move completely or partially into the tropics. [SEP] The European pied flycatcher Ficedula hypoleuca also follows this migratory trend, breeding in Asia and Europe and wintering in Africa. [SEP] ",0.5157514214515686,0
5.608695652173913,23,0.9130434782608696,0.0,0.0,0.0869565217391304,squad_v2_5727ebe03acd2414000deff0_s0,squad_v2_5727ebe03acd2414000deff0,0,"Nasser remains an iconic figure in the Arab world, particularly for his strides towards social justice and Arab unity, modernization policies, and anti-imperialist efforts.",0,172,Joint,NN,4.0,1.0,0.0,1.0986122886681098,0.1025641025641025,0.0,missing,0.75,3.2188758248682006,0.75,5,12.236428571428604,,,,0.1785714285714285,0.0714285714285714,0.1071428571428571,0.0,0.0,0.0,,0.0357142857142857,0.0357142857142857,0.1428571428571428,0.0357142857142857,3,0,10,28,missing,0.3571428571428571,170.9512277602578,5.180340235159328,7.365371074660883,3.2433647908509387,6.6453802685439545,,"His presidency also encouraged and coincided with an Egyptian cultural boom, and launched large industrial projects, including the Aswan Dam and Helwan City."," [SEP] Nasser remains an iconic figure in the Arab world, particularly for his strides towards social justice and Arab unity, modernization policies, and anti-imperialist efforts. [SEP] His presidency also encouraged and coincided with an Egyptian cultural boom, and launched large industrial projects, including the Aswan Dam and Helwan City.",0.48429110646247864,1
5.739130434782608,23,0.9130434782608696,0.0,0.0,0.1739130434782608,squad_v2_5727ebe03acd2414000deff0_s1,squad_v2_5727ebe03acd2414000deff0,1,"His presidency also encouraged and coincided with an Egyptian cultural boom, and launched large industrial projects, including the Aswan Dam and Helwan City.",173,330,Elaboration,NS,6.0,0.75,0.3333333333333333,1.791759469228055,0.0957264957264957,0.0,missing,0.7391304347826086,3.1780538303479458,0.7391304347826086,5,30.76807692307696,,,,0.1153846153846153,0.1538461538461538,0.0384615384615384,0.0,0.1153846153846153,0.0384615384615384,,0.0,0.0,0.1153846153846153,0.0384615384615384,2,0,8,26,0.0,0.3076923076923077,173.56723861151633,6.198829950411297,7.394800642379442,2.9091689346391587,4.320657773122503,"Nasser remains an iconic figure in the Arab world, particularly for his strides towards social justice and Arab unity, modernization policies, and anti-imperialist efforts.","Nasser's detractors criticize his authoritarianism, his government's human rights violations, his populist relationship with the citizenry, and his failure to establish civil institutions, blaming his legacy for future dictatorial governance in Egypt.","Nasser remains an iconic figure in the Arab world, particularly for his strides towards social justice and Arab unity, modernization policies, and anti-imperialist efforts. [SEP] His presidency also encouraged and coincided with an Egyptian cultural boom, and launched large industrial projects, including the Aswan Dam and Helwan City. [SEP] Nasser's detractors criticize his authoritarianism, his government's human rights violations, his populist relationship with the citizenry, and his failure to establish civil institutions, blaming his legacy for future dictatorial governance in Egypt.",0.47600528597831726,0
6.59375,32,0.875,0.0,0.0,0.0625,squad_v2_5727ebe03acd2414000deff0_s2,squad_v2_5727ebe03acd2414000deff0,2,"Nasser's detractors criticize his authoritarianism, his government's human rights violations, his populist relationship with the citizenry, and his failure to establish civil institutions, blaming his legacy for future dictatorial governance in Egypt.",331,582,Purpose,NS,5.0,0.75,0.6666666666666666,0.6931471805599453,0.0688346883468834,0.0,missing,0.8125,3.4965075614664802,0.8125,5,2.388461538461541,,,,0.2051282051282051,0.0512820512820512,0.1025641025641025,0.0512820512820512,0.0,0.0256410256410256,,0.0,0.0,0.1025641025641025,0.0,4,0,14,39,0.0,0.358974358974359,238.11198689694223,5.53748806737075,8.319586686595587,3.0802943484106216,5.524139704783938,"His presidency also encouraged and coincided with an Egyptian cultural boom, and launched large industrial projects, including the Aswan Dam and Helwan City.",Historians describe Nasser as a towering political figure of the Middle East in the 20th century.,"His presidency also encouraged and coincided with an Egyptian cultural boom, and launched large industrial projects, including the Aswan Dam and Helwan City. [SEP] Nasser's detractors criticize his authoritarianism, his government's human rights violations, his populist relationship with the citizenry, and his failure to establish civil institutions, blaming his legacy for future dictatorial governance in Egypt. [SEP] Historians describe Nasser as a towering political figure of the Middle East in the 20th century.",0.571251630783081,1
5.133333333333334,15,0.9333333333333332,0.0666666666666666,0.0,0.2,squad_v2_5727ebe03acd2414000deff0_s3,squad_v2_5727ebe03acd2414000deff0,3,Historians describe Nasser as a towering political figure of the Middle East in the 20th century.,583,680,Joint,NN,2.0,1.0,1.0,1.3862943611198906,0.048780487804878,0.0,missing,0.625,2.833213344056216,0.625,0,40.2858823529412,,,,0.1176470588235294,0.1764705882352941,0.0588235294117647,0.0,0.0,0.0588235294117647,,0.0588235294117647,0.0,0.1176470588235294,0.0,0,0,6,17,0.0,0.3529411764705882,69.28310682789267,3.4641553413946333,4.187848503918938,2.559257209269979,3.572062070180719,"Nasser's detractors criticize his authoritarianism, his government's human rights violations, his populist relationship with the citizenry, and his failure to establish civil institutions, blaming his legacy for future dictatorial governance in Egypt.",,"Nasser's detractors criticize his authoritarianism, his government's human rights violations, his populist relationship with the citizenry, and his failure to establish civil institutions, blaming his legacy for future dictatorial governance in Egypt. [SEP] Historians describe Nasser as a towering political figure of the Middle East in the 20th century. [SEP] ",0.4641425311565399,0
5.395348837209302,43,0.8604651162790697,0.0697674418604651,0.0,0.0465116279069767,squad_v2_572a60d8d562191400bc86a5_s0,squad_v2_572a60d8d562191400bc86a5,0,"The art of carpet weaving was particularly significant in the Ottoman Empire, carpets having an immense importance both as decorative furnishings, rich in religious and other symbolism, and as a practical consideration, as it was customary to remove one's shoes in living quarters.",0,281,Elaboration,NS,4.0,0.75,0.0,1.0986122886681098,0.173076923076923,0.0,missing,0.627906976744186,3.784189633918261,0.627906976744186,6,5.16530612244901,,it,,0.1428571428571428,0.0408163265306122,0.0612244897959183,0.0204081632653061,0.0408163265306122,0.0204081632653061,,0.0,0.0204081632653061,0.1632653061224489,0.0204081632653061,4,0,12,49,missing,0.2448979591836734,292.60541070611976,5.737360994237642,7.017568999425296,3.409787877315206,5.44333118051583,,"The weaving of such carpets originated in the nomadic cultures of central Asia (carpets being an easily transportable form of furnishing), and was eventually spread to the settled societies of Anatolia."," [SEP] The art of carpet weaving was particularly significant in the Ottoman Empire, carpets having an immense importance both as decorative furnishings, rich in religious and other symbolism, and as a practical consideration, as it was customary to remove one's shoes in living quarters. [SEP] The weaving of such carpets originated in the nomadic cultures of central Asia (carpets being an easily transportable form of furnishing), and was eventually spread to the settled societies of Anatolia.",0.596026599407196,1
5.419354838709677,31,0.8387096774193549,0.0,0.0,0.064516129032258,squad_v2_572a60d8d562191400bc86a5_s1,squad_v2_572a60d8d562191400bc86a5,1,"The weaving of such carpets originated in the nomadic cultures of central Asia (carpets being an easily transportable form of furnishing), and was eventually spread to the settled societies of Anatolia.",282,484,Context,NS,5.0,0.75,0.3333333333333333,1.0986122886681098,0.1300167224080267,0.0,missing,0.5806451612903226,3.4657359027997265,0.5806451612903226,2,26.28142857142859,,,eventually,0.0571428571428571,0.0571428571428571,0.1142857142857142,0.0,0.0285714285714285,0.0571428571428571,0.0571428571428571,0.0,0.0,0.1428571428571428,0.0571428571428571,1,0,8,35,0.0,0.2285714285714285,183.09007585633157,4.465611606251989,6.152123354646237,3.1287345106411912,4.73671820229427,"The art of carpet weaving was particularly significant in the Ottoman Empire, carpets having an immense importance both as decorative furnishings, rich in religious and other symbolism, and as a practical consideration, as it was customary to remove one's shoes in living quarters.","Turks used carpets, rugs and kilims not just on the floors of a room, but also as a hanging on walls and doorways, where they provided additional insulation.","The art of carpet weaving was particularly significant in the Ottoman Empire, carpets having an immense importance both as decorative furnishings, rich in religious and other symbolism, and as a practical consideration, as it was customary to remove one's shoes in living quarters. [SEP] The weaving of such carpets originated in the nomadic cultures of central Asia (carpets being an easily transportable form of furnishing), and was eventually spread to the settled societies of Anatolia. [SEP] Turks used carpets, rugs and kilims not just on the floors of a room, but also as a hanging on walls and doorways, where they provided additional insulation.",0.3999042510986328,0
4.5,28,0.8928571428571429,0.0357142857142857,0.0357142857142857,0.0,squad_v2_572a60d8d562191400bc86a5_s2,squad_v2_572a60d8d562191400bc86a5,2,"Turks used carpets, rugs and kilims not just on the floors of a room, but also as a hanging on walls and doorways, where they provided additional insulation.",485,642,Elaboration,NS,6.0,0.75,0.6666666666666666,0.0,0.0851449275362318,0.5,missing,0.6428571428571429,3.367295829986474,0.6428571428571429,6,60.67375000000003,,they,,0.09375,0.0,0.1875,0.0,0.03125,0.0,0.03125,0.0,0.03125,0.03125,0.09375,3,0,9,32,0.0,0.28125,192.9131429279209,5.3586984146644685,6.975484700090063,3.136898198208319,4.992117741530628,"The weaving of such carpets originated in the nomadic cultures of central Asia (carpets being an easily transportable form of furnishing), and was eventually spread to the settled societies of Anatolia.","They were also commonly donated to mosques, which often amassed large collections of them.","The weaving of such carpets originated in the nomadic cultures of central Asia (carpets being an easily transportable form of furnishing), and was eventually spread to the settled societies of Anatolia. [SEP] Turks used carpets, rugs and kilims not just on the floors of a room, but also as a hanging on walls and doorways, where they provided additional insulation. [SEP] They were also commonly donated to mosques, which often amassed large collections of them.",0.5173147320747375,1
5.357142857142857,14,1.0,0.0,0.0,0.0,squad_v2_572a60d8d562191400bc86a5_s3,squad_v2_572a60d8d562191400bc86a5,3,"They were also commonly donated to mosques, which often amassed large collections of them.",643,733,Elaboration,NS,5.0,0.75,1.0,0.0,0.0833333333333333,1.0,missing,0.7857142857142857,2.70805020110221,0.7857142857142857,1,47.83250000000001,,they|them,,0.0,0.0,0.125,0.0,0.125,0.0,0.0625,0.0,0.0,0.0625,0.1875,1,0,2,16,1.0,0.125,78.77679616635415,4.923549760397134,5.857978009302094,2.8302339351845043,4.56598618618801,"Turks used carpets, rugs and kilims not just on the floors of a room, but also as a hanging on walls and doorways, where they provided additional insulation.",,"Turks used carpets, rugs and kilims not just on the floors of a room, but also as a hanging on walls and doorways, where they provided additional insulation. [SEP] They were also commonly donated to mosques, which often amassed large collections of them. [SEP] ",0.2619381844997406,0
5.0,22,0.9090909090909092,0.0,0.0,0.2272727272727272,squad_v2_572abec0be1ee31400cb8201_s0,squad_v2_572abec0be1ee31400cb8201,0,"In Why F A Hayek is a Conservative, British policy analyst Madsen Pirie claims Hayek mistakes the nature of the conservative outlook.",0,133,Attribution,SN,4.0,0.75,0.0,2.302585092994046,0.0666666666666666,1.0,missing,0.6818181818181818,3.1354942159291497,0.6818181818181818,1,37.950000000000045,,,,0.1666666666666666,0.2083333333333333,0.0,0.0,0.0,0.0,,0.0,0.125,0.125,0.0,1,0,9,24,missing,0.375,223.0652025702165,7.966614377507733,10.280543385945544,3.239076187526569,5.835533083351797,,"Conservatives, he says, are not averse to change – but like Hayek, they are highly averse to change being imposed on the social order by people in authority who think they know how to run things better."," [SEP] In Why F A Hayek is a Conservative, British policy analyst Madsen Pirie claims Hayek mistakes the nature of the conservative outlook. [SEP] Conservatives, he says, are not averse to change – but like Hayek, they are highly averse to change being imposed on the social order by people in authority who think they know how to run things better.",0.5667782425880432,1
4.472222222222222,36,0.8333333333333334,0.0,0.0277777777777777,0.0277777777777777,squad_v2_572abec0be1ee31400cb8201_s1,squad_v2_572abec0be1ee31400cb8201,1,"Conservatives, he says, are not averse to change – but like Hayek, they are highly averse to change being imposed on the social order by people in authority who think they know how to run things better.",134,336,Attribution,SN,10.0,0.75,0.3333333333333333,0.6931471805599453,0.0833333333333333,0.5,missing,0.6944444444444444,3.6109179126442243,0.6944444444444444,4,43.47853658536589,,he|they|they,now,0.048780487804878,0.024390243902439,0.073170731707317,0.073170731707317,0.0,0.024390243902439,0.024390243902439,0.0975609756097561,0.024390243902439,0.073170731707317,0.073170731707317,3,0,6,41,1.0,0.1463414634146341,222.66624537968065,5.060596485901832,5.530036319921512,2.692448787602921,3.707217156806804,"In Why F A Hayek is a Conservative, British policy analyst Madsen Pirie claims Hayek mistakes the nature of the conservative outlook.",They wish to allow the market to function smoothly and give it the freedom to change and develop.,"In Why F A Hayek is a Conservative, British policy analyst Madsen Pirie claims Hayek mistakes the nature of the conservative outlook. [SEP] Conservatives, he says, are not averse to change – but like Hayek, they are highly averse to change being imposed on the social order by people in authority who think they know how to run things better. [SEP] They wish to allow the market to function smoothly and give it the freedom to change and develop.",0.37179264426231384,0
4.388888888888889,18,0.7777777777777778,0.0,0.0,0.0,squad_v2_572abec0be1ee31400cb8201_s2,squad_v2_572abec0be1ee31400cb8201,2,They wish to allow the market to function smoothly and give it the freedom to change and develop.,337,434,Joint,NN,8.0,1.0,0.6666666666666666,0.0,0.0916666666666666,0.0,missing,0.6111111111111112,2.9444389791664403,0.6111111111111112,2,67.32894736842107,,they|it,,0.1052631578947368,0.0,0.0,0.2631578947368421,0.0,0.0,,0.0526315789473684,0.0,0.0,0.0526315789473684,0,0,2,19,0.0,0.1052631578947368,85.24406505127874,4.486529739540987,4.614569303533579,2.3222261505389548,2.6839651105716364,"Conservatives, he says, are not averse to change – but like Hayek, they are highly averse to change being imposed on the social order by people in authority who think they know how to run things better.","It is an outlook, says Pirie, that Hayek and conservatives both share.","Conservatives, he says, are not averse to change – but like Hayek, they are highly averse to change being imposed on the social order by people in authority who think they know how to run things better. [SEP] They wish to allow the market to function smoothly and give it the freedom to change and develop. [SEP] It is an outlook, says Pirie, that Hayek and conservatives both share.",0.4252089560031891,0
4.666666666666667,12,1.0,0.0,0.0,0.1666666666666666,squad_v2_572abec0be1ee31400cb8201_s3,squad_v2_572abec0be1ee31400cb8201,3,"It is an outlook, says Pirie, that Hayek and conservatives both share.",435,505,Attribution,NS,6.0,0.75,1.0,1.0986122886681098,0.0833333333333333,0.0,missing,0.6666666666666666,2.5649493574615367,0.6666666666666666,3,84.45000000000003,,it,,0.1333333333333333,0.1333333333333333,0.0,0.0,0.0,0.0,,0.0,0.2,0.0,0.0,2,0,4,15,0.0,0.2666666666666666,110.0236817638918,6.471981280228929,9.662864860098905,2.966917051098291,5.569861019996061,They wish to allow the market to function smoothly and give it the freedom to change and develop.,,"They wish to allow the market to function smoothly and give it the freedom to change and develop. [SEP] It is an outlook, says Pirie, that Hayek and conservatives both share. [SEP] ",0.47729557752609253,1
